,time_value,average_dist7
0,0.0,0.0
1,0.03333333333333333,0.2120351072359335
2,0.06666666666666667,0.3348449933758821
3,0.1,0.4267663231300171
4,0.13333333333333333,0.4714123852587109
5,0.16666666666666666,0.5609387189955889
6,0.2,0.6017413679541098
7,0.23333333333333334,0.7055762485801723
8,0.26666666666666666,0.8097985550599621
9,0.3,0.8380825647569478
10,0.3333333333333333,0.892408521822259
11,0.36666666666666664,0.9341973871099885
12,0.4,0.9636393071724427
13,0.43333333333333335,1.0181772073317539
14,0.4666666666666667,1.0104970929673116
15,0.5,1.0960066569663733
16,0.5333333333333333,1.0694290833057223
17,0.5666666666666667,1.1174703055856172
18,0.6,1.1210470901977871
19,0.6333333333333333,1.192734110968108
20,0.6666666666666666,1.171328582596522
21,0.7,1.1678982353675071
22,0.7333333333333333,1.2591752864747627
23,0.7666666666666667,1.3143255910563854
24,0.8,1.3731303550434104
25,0.8333333333333334,1.4721319374651431
26,0.8666666666666667,1.5179957093323073
27,0.9,1.602555762572311
28,0.9333333333333333,1.6646452097255249
29,0.9666666666666667,1.7841490785985834
30,1.0,1.8042094286948485
31,1.0333333333333334,1.9124287713145403
32,1.0666666666666667,1.9670613107904096
33,1.1,2.0627428282571967
34,1.1333333333333333,2.1624727726480986
35,1.1666666666666667,2.2022054302138145
36,1.2,2.2296468351525935
37,1.2333333333333334,2.3167498603724117
38,1.2666666666666666,2.341234622222156
39,1.3,2.353424772995098
40,1.3333333333333333,2.3647037363203345
41,1.3666666666666667,2.3960571426926713
42,1.4,2.4491457183303944
43,1.4333333333333333,2.4756753822399142
44,1.4666666666666666,2.514054543934585
45,1.5,2.53675419310491
46,1.5333333333333334,2.548959756675633
47,1.5666666666666667,2.527967111684004
48,1.6,2.5407788993931693
49,1.6333333333333333,2.5420924120490387
50,1.6666666666666667,2.5445490869935607
51,1.7,2.5759875524964166
52,1.7333333333333334,2.5965333247947773
53,1.7666666666666666,2.6245437479266935
54,1.8,2.674808603422874
55,1.8333333333333333,2.67642679348823
56,1.8666666666666667,2.679649657694045
57,1.9,2.720845205018653
58,1.9333333333333333,2.7250976961425466
59,1.9666666666666666,2.7228784373715778
60,2.0,2.743849350299231
61,2.033333333333333,2.801363235432823
62,2.066666666666667,2.7933613552676158
63,2.1,2.798783532553956
64,2.1333333333333333,2.795869139880172
65,2.1666666666666665,2.802317941705086
66,2.2,2.809055733421802
67,2.2333333333333334,2.7907958539510878
68,2.2666666666666666,2.7892158057081593
69,2.3,2.795087979409002
70,2.3333333333333335,2.808429622258004
71,2.3666666666666667,2.841776659136444
72,2.4,2.8050889751895602
73,2.433333333333333,2.797784626576754
74,2.466666666666667,2.8013574008597857
75,2.5,2.817888491364441
76,2.533333333333333,2.8294514596620886
77,2.566666666666667,2.8127802872988243
78,2.6,2.835871340347787
79,2.6333333333333333,2.9010144038456427
80,2.6666666666666665,2.90095962581607
81,2.7,2.9411670099469425
82,2.7333333333333334,2.9466527148674055
83,2.7666666666666666,3.019734741324072
84,2.8,3.0792064526537404
85,2.8333333333333335,3.095963038033205
86,2.8666666666666667,3.1230782925536493
87,2.9,3.1230020267545515
88,2.933333333333333,3.1766269257616644
89,2.966666666666667,3.196784743178793
90,3.0,3.1943783800412464
91,3.033333333333333,3.254927917950794
92,3.066666666666667,3.216748903409855
93,3.1,3.2715038608440024
94,3.1333333333333333,3.22306327914742
95,3.1666666666666665,3.1817963236279767
96,3.2,3.16501343592145
97,3.2333333333333334,3.150283873925721
98,3.2666666666666666,3.108652949235286
99,3.3,3.0279910793611005
100,3.3333333333333335,3.0020851225220246
101,3.3666666666666667,3.0070714955123896
102,3.4,2.980949615940292
103,3.433333333333333,3.005841842290516
104,3.466666666666667,3.0122170990739527
105,3.5,2.9763445169763196
106,3.533333333333333,2.9673743074080927
107,3.566666666666667,2.9887638627299413
108,3.6,2.954072599860141
109,3.6333333333333333,2.9795619913529845
110,3.6666666666666665,2.980702274129121
111,3.7,3.0038708046798304
112,3.7333333333333334,2.9645618377707805
113,3.7666666666666666,2.9799472452537565
114,3.8,3.047595888500474
115,3.8333333333333335,3.0684751350522315
116,3.8666666666666667,3.125614983568513
117,3.9,3.159470986282775
118,3.933333333333333,3.1869570978147417
119,3.966666666666667,3.218119324246446
120,4.0,3.2079669021012998
121,4.033333333333333,3.250661322053722
122,4.066666666666666,3.3341340448932573
123,4.1,3.329284030527772
124,4.133333333333334,3.380414529978306
125,4.166666666666667,3.40125560165829
126,4.2,3.398640647706353
127,4.233333333333333,3.413932581729743
128,4.266666666666667,3.46163392005234
129,4.3,3.484411559075354
130,4.333333333333333,3.7741050620984016
131,4.366666666666666,3.523031698417588
132,4.4,3.519215699047202
133,4.433333333333334,3.5515130299632203
134,4.466666666666667,3.584697936263466
135,4.5,3.630517436634273
136,4.533333333333333,3.6624077595976052
137,4.566666666666666,3.723262007501275
138,4.6,3.783440386137823
139,4.633333333333334,3.8695813547685245
140,4.666666666666667,3.855503669207329
141,4.7,3.896418722487209
142,4.733333333333333,3.9380335844431658
143,4.766666666666667,3.9998412565545567
144,4.8,4.007832379911387
145,4.833333333333333,4.0524366668398395
146,4.866666666666666,4.01377707567612
147,4.9,4.096625910426083
148,4.933333333333334,4.077576521843321
149,4.966666666666667,4.0931583387416755
150,5.0,4.0912541513676555
151,5.033333333333333,4.031053898830256
152,5.066666666666666,3.9884408121586246
153,5.1,3.9172725603887533
154,5.133333333333334,3.912217452190004
155,5.166666666666667,3.882604322710763
156,5.2,3.8969093983287935
157,5.233333333333333,3.8671001982740854
158,5.266666666666667,3.824098719836635
159,5.3,3.8213744253150153
160,5.333333333333333,3.7845057391986354
161,5.366666666666666,3.773489889275653
162,5.4,3.768835752685402
163,5.433333333333334,3.782239882547401
164,5.466666666666667,3.7439440158132444
165,5.5,3.753496473957941
166,5.533333333333333,3.7227377110382673
167,5.566666666666666,3.740343836440986
168,5.6,3.7132244550985716
169,5.633333333333334,3.753296547194395
170,5.666666666666667,3.7317506948122157
171,5.7,3.7133556901255784
172,5.733333333333333,3.6951823286023937
173,5.766666666666667,3.6125695087001257
174,5.8,3.5849614449414293
175,5.833333333333333,3.570907455706627
176,5.866666666666666,3.5384407937945572
177,5.9,3.509140824636479
178,5.933333333333334,3.5036288214858677
179,5.966666666666667,3.5027557468361663
180,6.0,3.4837914798497653
181,6.033333333333333,3.518385300827488
182,6.066666666666666,3.517826376704923
183,6.1,3.548904938116739
184,6.133333333333334,3.531141852431706
185,6.166666666666667,3.560434008771277
186,6.2,3.6241545487966476
187,6.233333333333333,3.637334491751223
188,6.266666666666667,3.6304251584109135
189,6.3,3.643337578071394
190,6.333333333333333,3.6447085279302223
191,6.366666666666666,3.6839007078301855
192,6.4,3.6893725114432825
193,6.433333333333334,3.670677188973088
194,6.466666666666667,3.66933495516438
195,6.5,3.640312239791816
196,6.533333333333333,3.6565706673829164
197,6.566666666666666,3.650806342307505
198,6.6,3.6807291424562014
199,6.633333333333334,3.7184891173721026
200,6.666666666666667,3.738981081827774
201,6.7,3.7655466932657067
202,6.733333333333333,3.7321898601688037
203,6.766666666666667,3.820780036623402
204,6.8,3.816513154459602
205,6.833333333333333,3.8820870883159637
206,6.866666666666666,3.865038270238843
207,6.9,3.9347523587413074
208,6.933333333333334,3.991276451420325
209,6.966666666666667,4.065565980052389
210,7.0,4.112232230582797
211,7.033333333333333,4.185104364209187
212,7.066666666666666,4.251727504816894
213,7.1,4.356067044952125
214,7.133333333333334,4.441140667183888
215,7.166666666666667,4.5348763347368966
216,7.2,4.622504319421944
217,7.233333333333333,4.669826976781893
218,7.266666666666667,4.728546835775148
219,7.3,4.802619317294162
220,7.333333333333333,4.829480649397978
221,7.366666666666666,4.8977163916478155
222,7.4,4.953004702305635
223,7.433333333333334,4.928904278411424
224,7.466666666666667,4.958410595380361
225,7.5,4.972680748298756
226,7.533333333333333,5.02684596357467
227,7.566666666666666,5.057591151379056
228,7.6,5.06815329720296
229,7.633333333333334,5.091472599529769
230,7.666666666666667,5.066588871530795
231,7.7,5.045121357740574
232,7.733333333333333,5.018967058596634
233,7.766666666666667,5.029959927847822
234,7.8,5.004417916417261
235,7.833333333333333,5.02800732187936
236,7.866666666666666,5.004135192772988
237,7.9,5.077881360988619
238,7.933333333333334,5.044494862168602
239,7.966666666666667,5.068511752252284
240,8.0,5.074621310437439
241,8.033333333333333,5.0357177587387785
242,8.066666666666666,5.050506970483794
243,8.1,5.061621224574112
244,8.133333333333333,5.094303515358844
245,8.166666666666666,5.08550732917973
246,8.2,5.125726493730906
247,8.233333333333333,5.109654027596731
248,8.266666666666667,5.092864923723874
249,8.3,5.099749049049151
250,8.333333333333334,5.104329872250004
251,8.366666666666667,5.1204091319046565
252,8.4,5.104264662650186
253,8.433333333333334,5.118004646088716
254,8.466666666666667,5.101303582281511
255,8.5,5.091008426368573
256,8.533333333333333,5.106241722377566
257,8.566666666666666,5.112894801366967
258,8.6,5.114957867270409
259,8.633333333333333,5.123370810289398
260,8.666666666666666,5.157942927683686
261,8.7,5.183230060676881
262,8.733333333333333,5.166065873449556
263,8.766666666666667,5.171031503655787
264,8.8,5.200947689921986
265,8.833333333333334,5.218707474019591
266,8.866666666666667,5.219777804349624
267,8.9,5.210253004031041
268,8.933333333333334,5.17384114398896
269,8.966666666666667,5.130630067073969
270,9.0,5.15532859732909
271,9.033333333333333,5.131775821632849
272,9.066666666666666,5.125875631328842
273,9.1,5.100068527790893
274,9.133333333333333,5.089354463630669
275,9.166666666666666,5.070992277240052
276,9.2,5.018016609513517
277,9.233333333333333,5.060570695364566
278,9.266666666666667,5.0572734397463055
279,9.3,5.053603786379919
280,9.333333333333334,5.009962865205804
281,9.366666666666667,4.994510164972954
282,9.4,5.008303715911238
283,9.433333333333334,5.060254208265477
284,9.466666666666667,5.081625368305334
285,9.5,5.116711489327881
286,9.533333333333333,5.157517077842107
287,9.566666666666666,5.224891050008328
288,9.6,5.21693771347131
289,9.633333333333333,5.226948503695407
290,9.666666666666666,5.3058209102271485
291,9.7,5.37612770722377
292,9.733333333333333,5.408697376856796
293,9.766666666666667,5.455956549852199
294,9.8,5.513625692387172
295,9.833333333333334,5.52181092717922
296,9.866666666666667,5.531240592946504
297,9.9,5.553173210813044
298,9.933333333333334,5.533500311539142
299,9.966666666666667,5.581414108677465
300,10.0,5.597413934134275
301,10.033333333333333,5.581301256599885
302,10.066666666666666,5.586051690359496
303,10.1,5.615856039146708
304,10.133333333333333,5.63700430528797
305,10.166666666666666,5.626782029145018
306,10.2,5.617765734386535
307,10.233333333333333,5.600957355232557
308,10.266666666666667,5.584470254177686
309,10.3,5.605246493530836
310,10.333333333333334,5.607632409169179
311,10.366666666666667,5.6574404754682694
312,10.4,5.669893949331847
313,10.433333333333334,5.672647632237811
314,10.466666666666667,5.728149086077347
315,10.5,5.774914786144409
316,10.533333333333333,5.762319803843032
317,10.566666666666666,5.795468786148745
318,10.6,5.848018488035672
319,10.633333333333333,5.880434193629484
320,10.666666666666666,5.9188733362540065
321,10.7,5.966732233820121
322,10.733333333333333,6.019277477363545
323,10.766666666666667,6.036229661317832
324,10.8,6.106767487653044
325,10.833333333333334,6.134293743687265
326,10.866666666666667,6.14979143133084
327,10.9,6.145498439970962
328,10.933333333333334,6.166099816252739
329,10.966666666666667,6.200130219268342
330,11.0,6.176995459765353
331,11.033333333333333,6.195832170767811
332,11.066666666666666,6.203145850713437
333,11.1,6.189457420581802
334,11.133333333333333,6.203837877176133
335,11.166666666666666,6.199469242255061
336,11.2,6.138365929489823
337,11.233333333333333,6.1682050843810705
338,11.266666666666667,6.082613731241294
339,11.3,6.091760821472822
340,11.333333333333334,6.073938679822339
341,11.366666666666667,6.056745949245279
342,11.4,6.051771930701331
343,11.433333333333334,6.055490142753286
344,11.466666666666667,6.047214147613269
345,11.5,6.066022045536295
346,11.533333333333333,6.1076541921506715
347,11.566666666666666,6.100046054603128
348,11.6,6.067337993457557
349,11.633333333333333,6.047314926420171
350,11.666666666666666,5.999107483188215
351,11.7,6.000530137292344
352,11.733333333333333,5.9871950487649315
353,11.766666666666667,5.972529443302636
354,11.8,6.050141423406893
355,11.833333333333334,6.09086431001974
356,11.866666666666667,6.132868451295877
357,11.9,6.131952827540135
358,11.933333333333334,6.173164754223221
359,11.966666666666667,6.187078332753709
360,12.0,6.239645718375196
361,12.033333333333333,6.2910961843002395
362,12.066666666666666,6.339267348959635
363,12.1,6.358429474188127
364,12.133333333333333,6.408304722169784
365,12.166666666666666,6.429369139331709
366,12.2,6.473153615215295
367,12.233333333333333,6.528951271087075
368,12.266666666666667,6.5508086505605645
369,12.3,6.566861541911693
370,12.333333333333334,6.595790488165798
371,12.366666666666667,6.577565902622272
372,12.4,6.564490046118806
373,12.433333333333334,6.581071438140149
374,12.466666666666667,6.587957633266977
375,12.5,6.589097903054576
376,12.533333333333333,6.6030739783422066
377,12.566666666666666,6.608652350374366
378,12.6,6.6482817903484
379,12.633333333333333,6.6265908044658195
380,12.666666666666666,6.6422822577453955
381,12.7,6.628207807150631
382,12.733333333333333,6.620606922637725
383,12.766666666666667,6.627637664085144
384,12.8,6.681309607084101
385,12.833333333333334,6.668670305991708
386,12.866666666666667,6.658978945122986
387,12.9,6.664216951872161
388,12.933333333333334,6.65404032141194
389,12.966666666666667,6.646698463818141
390,13.0,6.592308989522679
391,13.033333333333333,6.592031761640462
392,13.066666666666666,6.575732539836366
393,13.1,6.547322204354233
394,13.133333333333333,6.529528648433291
395,13.166666666666666,6.516116031752154
396,13.2,6.4625590493370115
397,13.233333333333333,6.4880124256637215
398,13.266666666666667,6.499569173814755
399,13.3,6.479840440992698
400,13.333333333333334,6.448180186263266
401,13.366666666666667,6.472100412819774
402,13.4,6.476074048098529
403,13.433333333333334,6.480724071552575
404,13.466666666666667,6.443507843928468
405,13.5,6.396314949889665
406,13.533333333333333,6.424300427537556
407,13.566666666666666,6.420656342671013
408,13.6,6.420707748242023
409,13.633333333333333,6.4443353496949785
410,13.666666666666666,6.421311460094332
411,13.7,6.42388639170679
412,13.733333333333333,6.444307430423171
413,13.766666666666667,6.4353888537687665
414,13.8,6.47896526897625
415,13.833333333333334,6.461719996246768
416,13.866666666666667,6.4594389084322
417,13.9,6.470497627399194
418,13.933333333333334,6.512536398629126
419,13.966666666666667,6.57538884646586
420,14.0,6.617495358588746
421,14.033333333333333,6.644296999654348
422,14.066666666666666,6.681132619033863
423,14.1,6.725795358468696
424,14.133333333333333,6.7564921057560925
425,14.166666666666666,6.760488650038531
426,14.2,6.804345237944822
427,14.233333333333333,6.801958823754379
428,14.266666666666667,6.879507128918223
429,14.3,6.8878286037128715
430,14.333333333333334,6.935664547944388
431,14.366666666666667,6.937160802323634
432,14.4,6.947154738065584
433,14.433333333333334,6.9652426917020795
434,14.466666666666667,6.966232602946908
435,14.5,6.976864919953826
436,14.533333333333333,6.975679453735272
437,14.566666666666666,6.936379892767837
438,14.6,6.939183708021801
439,14.633333333333333,6.9383848972817646
440,14.666666666666666,6.9255405060104245
441,14.7,6.922549176405737
442,14.733333333333333,6.91213667614472
443,14.766666666666667,6.898282543560323
444,14.8,6.899474246018342
445,14.833333333333334,6.858838808431789
446,14.866666666666667,6.857514788168604
447,14.9,6.906412694301838
448,14.933333333333334,6.921947100911308
449,14.966666666666667,6.897303924568208
450,15.0,6.890619134609472
451,15.033333333333333,6.86654439067029
452,15.066666666666666,6.877001744924924
453,15.1,6.841740640082289
454,15.133333333333333,6.838877806164495
455,15.166666666666666,6.818351724138091
456,15.2,6.7964736945935815
457,15.233333333333333,6.799961647500202
458,15.266666666666667,6.823528148068241
459,15.3,6.772566681422601
460,15.333333333333334,6.7667137946465665
461,15.366666666666667,6.76857313562399
462,15.4,6.729509828150641
463,15.433333333333334,6.744672040999811
464,15.466666666666667,6.731251591943826
465,15.5,6.7348055486983975
466,15.533333333333333,6.660007541007876
467,15.566666666666666,6.656674679223552
468,15.6,6.6467479683128685
469,15.633333333333333,6.609809383183691
470,15.666666666666666,6.614786363387718
471,15.7,6.600905383698917
472,15.733333333333333,6.653905891237171
473,15.766666666666667,6.650599225866505
474,15.8,6.642091535492824
475,15.833333333333334,6.692675160984402
476,15.866666666666667,6.726106060846088
477,15.9,6.794434587508116
478,15.933333333333334,6.763024068288786
479,15.966666666666667,6.830917530984347
480,16.0,6.883427200164661
481,16.033333333333335,6.914125669470854
482,16.066666666666666,6.886945611724641
483,16.1,6.9994227123807375
484,16.133333333333333,7.0019269119977485
485,16.166666666666668,7.006010101474388
486,16.2,7.01385160430665
487,16.233333333333334,7.0690715694580035
488,16.266666666666666,7.09398150610244
489,16.3,7.102668438626263
490,16.333333333333332,7.122634069927775
491,16.366666666666667,7.1537134759682734
492,16.4,7.122013017011776
493,16.433333333333334,7.166178509574522
494,16.466666666666665,7.16740410301324
495,16.5,7.200492940529628
496,16.533333333333335,7.210319085124128
497,16.566666666666666,7.240082743747184
498,16.6,7.255624980087476
499,16.633333333333333,7.247959202291225
500,16.666666666666668,7.2282286871984205
501,16.7,7.252864403946498
502,16.733333333333334,7.256732945555029
503,16.766666666666666,7.283289884972698
504,16.8,7.280459737332433
505,16.833333333333332,7.280323965229559
506,16.866666666666667,7.312066649463857
507,16.9,7.309249464682142
508,16.933333333333334,7.358464302116882
509,16.966666666666665,7.320569300516627
510,17.0,7.340970522828868
511,17.033333333333335,7.282854661551173
512,17.066666666666666,7.2357311735975385
513,17.1,7.190022351105406
514,17.133333333333333,7.170299690493062
515,17.166666666666668,7.115016922667526
516,17.2,7.109340598996867
517,17.233333333333334,7.028517485104173
518,17.266666666666666,7.036272578794893
519,17.3,7.032300254415999
520,17.333333333333332,7.017395795752429
521,17.366666666666667,6.995335471413459
522,17.4,6.9732622318559745
523,17.433333333333334,6.938480219267759
524,17.466666666666665,6.9450998338065535
525,17.5,6.931801441872997
526,17.533333333333335,6.902626266824157
527,17.566666666666666,6.917503548549181
528,17.6,6.900988547772719
529,17.633333333333333,6.896464622080371
530,17.666666666666668,6.879651104755369
531,17.7,6.895712459478547
532,17.733333333333334,6.842299805213362
533,17.766666666666666,6.8267039586012865
534,17.8,6.794966079228868
535,17.833333333333332,6.77582152814322
536,17.866666666666667,6.701690241042057
537,17.9,6.682974661753367
538,17.933333333333334,6.682323906142561
539,17.966666666666665,6.669122571327476
540,18.0,6.6381464192220445
541,18.033333333333335,6.613215769387363
542,18.066666666666666,6.568515833511349
543,18.1,6.552539650593393
544,18.133333333333333,6.500223327862723
545,18.166666666666668,6.515658927290891
546,18.2,6.536665604091473
547,18.233333333333334,6.509004491124245
548,18.266666666666666,6.485383404467908
549,18.3,6.483931293079023
550,18.333333333333332,6.495041986120771
551,18.366666666666667,6.500969343899894
552,18.4,6.479778741535446
553,18.433333333333334,6.476565436194566
554,18.466666666666665,6.460478433028305
555,18.5,6.433934920061517
556,18.533333333333335,6.431431569358902
557,18.566666666666666,6.3890987749459045
558,18.6,6.441297422309206
559,18.633333333333333,6.4291934577872665
560,18.666666666666668,6.463618130680277
561,18.7,6.488257767102314
562,18.733333333333334,6.524057435451224
563,18.766666666666666,6.553568364287413
564,18.8,6.5849027306344645
565,18.833333333333332,6.635694150910391
566,18.866666666666667,6.678797567603411
567,18.9,6.783453963045565
568,18.933333333333334,6.836702251268898
569,18.966666666666665,6.862074560197412
570,19.0,6.932283869620284
571,19.033333333333335,7.0305303908418795
572,19.066666666666666,7.077317231342207
573,19.1,7.1651034796564055
574,19.133333333333333,7.176121131430532
575,19.166666666666668,7.169143116037674
576,19.2,7.162561118227461
577,19.233333333333334,7.186303178911213
578,19.266666666666666,7.194829272076642
579,19.3,7.24386517070815
580,19.333333333333332,7.271652780862501
581,19.366666666666667,7.2760631298430996
582,19.4,7.242305789040973
583,19.433333333333334,7.280678780225028
584,19.466666666666665,7.262241850137775
585,19.5,7.283655681855758
586,19.533333333333335,7.272736141953996
587,19.566666666666666,7.259203796835422
588,19.6,7.280645681081266
589,19.633333333333333,7.3244461462038135
590,19.666666666666668,7.370275022776243
591,19.7,7.368015264760023
592,19.733333333333334,7.403202721398017
593,19.766666666666666,7.45627281521869
594,19.8,7.443254309465185
595,19.833333333333332,7.475679174526147
596,19.866666666666667,7.465933424870439
597,19.9,7.4225981140597606
598,19.933333333333334,7.405314481998142
599,19.966666666666665,7.3826408110668975
600,20.0,7.381271255278375
601,20.033333333333335,7.370672933184705
602,20.066666666666666,7.352434807334161
603,20.1,7.358492241797981
604,20.133333333333333,7.39283226854985
605,20.166666666666668,7.405964379962051
606,20.2,7.433910250123548
607,20.233333333333334,7.461288329725787
608,20.266666666666666,7.477600135749415
609,20.3,7.4793746180783565
610,20.333333333333332,7.448699711690109
611,20.366666666666667,7.467303065443307
612,20.4,7.4727572212121505
613,20.433333333333334,7.473149113570146
614,20.466666666666665,7.501055256128152
615,20.5,7.504263514133457
616,20.533333333333335,7.502611570815278
617,20.566666666666666,7.5404730349439895
618,20.6,7.562369444994276
619,20.633333333333333,7.602321004803469
620,20.666666666666668,7.583360485809298
621,20.7,7.602899760917708
622,20.733333333333334,7.5894305368967006
623,20.766666666666666,7.617866356562288
624,20.8,7.6190165509274
625,20.833333333333332,7.5758374195353975
626,20.866666666666667,7.59929197609165
627,20.9,7.6252123051862295
628,20.933333333333334,7.598050596227988
629,20.966666666666665,7.605606389002653
630,21.0,7.623272717335137
631,21.033333333333335,7.648893348729431
632,21.066666666666666,7.642399194623503
633,21.1,7.7257509850813495
634,21.133333333333333,7.754169617060564
635,21.166666666666668,7.7503682724686636
636,21.2,7.75359211915952
637,21.233333333333334,7.824710762576044
638,21.266666666666666,7.86388499545675
639,21.3,7.856424003726668
640,21.333333333333332,7.899627156172317
641,21.366666666666667,7.913691095065698
642,21.4,7.9390807261500145
643,21.433333333333334,7.929727596282947
644,21.466666666666665,7.9002023441589735
645,21.5,7.849427141427878
646,21.533333333333335,7.7993885559362885
647,21.566666666666666,7.797545218591618
648,21.6,7.750615042904943
649,21.633333333333333,7.7344721993971906
650,21.666666666666668,7.770675258864313
651,21.7,7.737595491581483
652,21.733333333333334,7.724527701878546
653,21.766666666666666,7.6916715990059155
654,21.8,7.657255807655187
655,21.833333333333332,7.6567100643284585
656,21.866666666666667,7.594289707387683
657,21.9,7.5655211507624305
658,21.933333333333334,7.537565489371915
659,21.966666666666665,7.521179085179828
660,22.0,7.473474794379301
661,22.033333333333335,7.462071016736742
662,22.066666666666666,7.455698798081404
663,22.1,7.468967643995427
664,22.133333333333333,7.42180026317912
665,22.166666666666668,7.393063459987518
666,22.2,7.387176626839243
667,22.233333333333334,7.349350379161336
668,22.266666666666666,7.357660894807352
669,22.3,7.31194716451388
670,22.333333333333332,7.25513950612897
671,22.366666666666667,7.229038152225499
672,22.4,7.178263537774229
673,22.433333333333334,7.161245557214608
674,22.466666666666665,7.138930632763654
675,22.5,7.107365929179273
676,22.533333333333335,7.113850414499675
677,22.566666666666666,7.094925525893123
678,22.6,7.060971340912935
679,22.633333333333333,7.09089583233005
680,22.666666666666668,7.107922565673843
681,22.7,7.163649749706763
682,22.733333333333334,7.179967460599125
683,22.766666666666666,7.209388041701391
684,22.8,7.230680868722681
685,22.833333333333332,7.224958835380783
686,22.866666666666667,7.265662271442985
687,22.9,7.306344571084291
688,22.933333333333334,7.327233972854638
689,22.966666666666665,7.32582928129274
690,23.0,7.380897001618291
691,23.033333333333335,7.439690165287974
692,23.066666666666666,7.521160623713739
693,23.1,7.546102840568884
694,23.133333333333333,7.594859109643516
695,23.166666666666668,7.612844772616318
696,23.2,7.609757744298567
697,23.233333333333334,7.599560773994225
698,23.266666666666666,7.609233331054273
699,23.3,7.6279563240750115
700,23.333333333333332,7.621652148050944
701,23.366666666666667,7.630707922702173
702,23.4,7.64486131397816
703,23.433333333333334,7.659788496536408
704,23.466666666666665,7.663543244164487
705,23.5,7.67093893957763
706,23.533333333333335,7.6727355367532715
707,23.566666666666666,7.719286213463269
708,23.6,7.748300205638292
709,23.633333333333333,7.739262444158823
710,23.666666666666668,7.711777707370213
711,23.7,7.723865533576089
712,23.733333333333334,7.737358703120737
713,23.766666666666666,7.701933397687895
714,23.8,7.7544275225351305
715,23.833333333333332,7.7217596711150795
716,23.866666666666667,7.759940910877804
717,23.9,7.779826176665577
718,23.933333333333334,7.755402962375357
719,23.966666666666665,7.772447756734778
720,24.0,7.807671905145753
721,24.033333333333335,7.805938496454219
722,24.066666666666666,7.768758282250208
723,24.1,7.753886026098795
724,24.133333333333333,7.772220215258151
725,24.166666666666668,7.741784255363833
726,24.2,7.809876077084468
727,24.233333333333334,7.825414636793591
728,24.266666666666666,7.822887943162991
729,24.3,7.83420738186058
730,24.333333333333332,7.879500717278622
731,24.366666666666667,7.87890057941455
732,24.4,7.87762192845496
733,24.433333333333334,7.901312343035051
734,24.466666666666665,7.917724402283979
735,24.5,7.955741679361348
736,24.533333333333335,7.996694100981991
737,24.566666666666666,8.012172337114142
738,24.6,8.023362327624936
739,24.633333333333333,8.049832278201517
740,24.666666666666668,8.091754192153948
741,24.7,8.128919381336567
742,24.733333333333334,8.160543284819218
743,24.766666666666666,8.191826484507144
744,24.8,8.172194969081769
745,24.833333333333332,8.186657373406765
746,24.866666666666667,8.143384109347188
747,24.9,8.16425863737657
748,24.933333333333334,8.181291192595262
749,24.966666666666665,8.138873965484398
750,25.0,8.138441168115175
751,25.033333333333335,8.179593076281623
752,25.066666666666666,8.207504989074453
753,25.1,8.203004855118438
754,25.133333333333333,8.20511422978476
755,25.166666666666668,8.180011083155069
756,25.2,8.201385306871902
757,25.233333333333334,8.185838084506692
758,25.266666666666666,8.20723696719546
759,25.3,8.250759757538336
760,25.333333333333332,8.182805305940668
761,25.366666666666667,8.196272165877154
762,25.4,8.198961982686074
763,25.433333333333334,8.158728405205528
764,25.466666666666665,8.115023434865748
765,25.5,8.08825561294696
766,25.533333333333335,8.082555127226916
767,25.566666666666666,8.090984224554813
768,25.6,8.100058540533263
769,25.633333333333333,8.074677127802925
770,25.666666666666668,8.04655860356305
771,25.7,8.044203182524388
772,25.733333333333334,8.05790197722261
773,25.766666666666666,8.09638205905818
774,25.8,8.112734449126723
775,25.833333333333332,8.12089332193772
776,25.866666666666667,8.129704975829846
777,25.9,8.149102823789002
778,25.933333333333334,8.162896177991636
779,25.966666666666665,8.191969935818367
780,26.0,8.189391082579567
781,26.033333333333335,8.230809452401578
782,26.066666666666666,8.231532933717302
783,26.1,8.219016627801095
784,26.133333333333333,8.176808120215064
785,26.166666666666668,8.204936508908343
786,26.2,8.200328452613892
787,26.233333333333334,8.16954713089314
788,26.266666666666666,8.174597681704602
789,26.3,8.14690288204115
790,26.333333333333332,8.119527132728164
791,26.366666666666667,8.1240317197155
792,26.4,8.095334069324746
793,26.433333333333334,8.074382456733938
794,26.466666666666665,8.074458810459669
795,26.5,8.055396650991007
796,26.533333333333335,8.041995651417947
797,26.566666666666666,8.059477280977568
798,26.6,8.06662963621988
799,26.633333333333333,8.078421515120278
800,26.666666666666668,8.062685820777904
801,26.7,8.086650278383354
802,26.733333333333334,8.11308877266115
803,26.766666666666666,8.1502798236685
804,26.8,8.16959598403376
805,26.833333333333332,8.17845435033337
806,26.866666666666667,8.151167091751258
807,26.9,8.166557696972463
808,26.933333333333334,8.143195313108622
809,26.966666666666665,8.137473567051083
810,27.0,8.139560906768313
811,27.033333333333335,8.119610117943877
812,27.066666666666666,8.111641420058282
813,27.1,8.083157061026904
814,27.133333333333333,8.092931614999076
815,27.166666666666668,8.107457444772693
816,27.2,8.080345315229854
817,27.233333333333334,8.093151718012548
818,27.266666666666666,8.063794496660746
819,27.3,8.034371621382455
820,27.333333333333332,8.017367305105568
821,27.366666666666667,8.021186832119149
822,27.4,8.030780987544029
823,27.433333333333334,7.981653786484065
824,27.466666666666665,7.966941903570051
825,27.5,7.9879261825354995
826,27.533333333333335,7.970768377509453
827,27.566666666666666,7.991885280205766
828,27.6,8.037447914323282
829,27.633333333333333,8.05617134813893
830,27.666666666666668,8.098079541147792
831,27.7,8.119629936082013
832,27.733333333333334,8.134953952739961
833,27.766666666666666,8.132623228797426
834,27.8,8.109209850675184
835,27.833333333333332,8.076142642144692
836,27.866666666666667,8.059458296407758
837,27.9,8.067125052788127
838,27.933333333333334,8.096970704957405
839,27.966666666666665,8.072209589511958
840,28.0,8.080491420109855
841,28.033333333333335,8.071872930112646
842,28.066666666666666,8.04883650519449
843,28.1,8.027282448991611
844,28.133333333333333,8.04201522027955
845,28.166666666666668,8.013108636202865
846,28.2,8.01515060108671
847,28.233333333333334,7.999369024781454
848,28.266666666666666,8.007577472022023
849,28.3,7.9973077930981145
850,28.333333333333332,8.012540425358624
851,28.366666666666667,7.990808279452079
852,28.4,7.981675080276559
853,28.433333333333334,7.971251880736087
854,28.466666666666665,7.981462213781906
855,28.5,8.027460128582922
856,28.533333333333335,7.995353678664824
857,28.566666666666666,8.017149406504446
858,28.6,8.034379016199885
859,28.633333333333333,8.041019346153412
860,28.666666666666668,8.068895625879097
861,28.7,8.078477814308552
862,28.733333333333334,8.101230295596071
863,28.766666666666666,8.11119922583351
864,28.8,8.108561230192088
865,28.833333333333332,8.140274299933697
866,28.866666666666667,8.153306413316539
867,28.9,8.187774740068381
868,28.933333333333334,8.202049247891976
869,28.966666666666665,8.233442238779089
870,29.0,8.271684992587018
871,29.033333333333335,8.304788753770172
872,29.066666666666666,8.343466041293196
873,29.1,8.31736177026962
874,29.133333333333333,8.339547726225911
875,29.166666666666668,8.358188350866591
876,29.2,8.360410557569184
877,29.233333333333334,8.355434818458901
878,29.266666666666666,8.377510443877673
879,29.3,8.401861336005013
880,29.333333333333332,8.383876697479227
881,29.366666666666667,8.374756150281655
882,29.4,8.379813872613656
883,29.433333333333334,8.437986442618396
884,29.466666666666665,8.429852200701154
885,29.5,8.437583274273575
886,29.533333333333335,8.45513093884309
887,29.566666666666666,8.499614259823122
888,29.6,8.508970868709522
889,29.633333333333333,8.546313866086326
890,29.666666666666668,8.581020550251727
891,29.7,8.636183216052073
892,29.733333333333334,8.64888970722885
893,29.766666666666666,8.714320030599604
894,29.8,8.775854423426763
895,29.833333333333332,8.837707071268092
896,29.866666666666667,8.928259718148151
897,29.9,8.996019647914036
898,29.933333333333334,9.01338333647023
899,29.966666666666665,9.072780620246727
900,30.0,9.110551979028369
901,30.033333333333335,9.143126382155186
902,30.066666666666666,9.191504731057487
903,30.1,9.202278046837112
904,30.133333333333333,9.242188957633307
905,30.166666666666668,9.256723716381874
906,30.2,9.269194236086927
907,30.233333333333334,9.293600983532896
908,30.266666666666666,9.283568287553356
909,30.3,9.267988871310616
910,30.333333333333332,9.281340849814763
911,30.366666666666667,9.324025733157688
912,30.4,9.310716811832
913,30.433333333333334,9.313277607954653
914,30.466666666666665,9.31707825367308
915,30.5,9.356859326204578
916,30.533333333333335,9.340057252719912
917,30.566666666666666,9.350919148675969
918,30.6,9.330768460266267
919,30.633333333333333,9.331461604994109
920,30.666666666666668,9.331130573875253
921,30.7,9.31602741656618
922,30.733333333333334,9.302229832251422
923,30.766666666666666,9.271765243116324
924,30.8,9.24537371209772
925,30.833333333333332,9.189155937004793
926,30.866666666666667,9.212732045222502
927,30.9,9.169387526150404
928,30.933333333333334,9.188257229333837
929,30.966666666666665,9.144632338709398
930,31.0,9.180800519830786
931,31.033333333333335,9.11576745151124
932,31.066666666666666,9.096847137681623
933,31.1,9.085155495805532
934,31.133333333333333,9.07640452323233
935,31.166666666666668,9.049251007219379
936,31.2,9.028283168598115
937,31.233333333333334,9.022941272996558
938,31.266666666666666,8.984839031848756
939,31.3,8.96633602180632
940,31.333333333333332,8.949802604853842
941,31.366666666666667,8.918415611343699
942,31.4,8.922738173295862
943,31.433333333333334,8.93205258535025
944,31.466666666666665,8.95255750033516
945,31.5,8.919874009301402
946,31.533333333333335,8.896933916475016
947,31.566666666666666,8.924773123813548
948,31.6,8.90155144806129
949,31.633333333333333,8.906387702956104
950,31.666666666666668,8.967803608296295
951,31.7,9.004930264475544
952,31.733333333333334,9.025265759451012
953,31.766666666666666,9.009007759418004
954,31.8,9.00502876577342
955,31.833333333333332,9.04414285263979
956,31.866666666666667,9.084676885812645
957,31.9,9.077107817807335
958,31.933333333333334,9.105106649627816
959,31.966666666666665,9.115232726863658
960,32.0,9.088119962805337
961,32.03333333333333,9.137448906843513
962,32.06666666666667,9.126165241063465
963,32.1,9.13155227353408
964,32.13333333333333,9.166669171574046
965,32.166666666666664,9.115355729352709
966,32.2,9.07318532755852
967,32.233333333333334,9.09382751697875
968,32.266666666666666,9.14167353432075
969,32.3,9.098624276881262
970,32.333333333333336,9.077996247295653
971,32.36666666666667,9.048020052253056
972,32.4,8.99032953973758
973,32.43333333333333,8.998733180090932
974,32.46666666666667,9.014145051086437
975,32.5,9.010364370701014
976,32.53333333333333,8.993786823510277
977,32.56666666666667,8.969628022534456
978,32.6,8.950798301385438
979,32.63333333333333,8.889713181692684
980,32.666666666666664,8.855367387382277
981,32.7,8.854896832387919
982,32.733333333333334,8.87665099306188
983,32.766666666666666,8.879080917782085
984,32.8,8.896524074920823
985,32.833333333333336,8.916780822554834
986,32.86666666666667,8.948300451015582
987,32.9,8.94774687199009
988,32.93333333333333,8.903584099709457
989,32.96666666666667,8.904818282230739
990,33.0,8.902449919720754
991,33.03333333333333,8.864193404345185
992,33.06666666666667,8.873527412710269
993,33.1,8.850525908658074
994,33.13333333333333,8.824232969793057
995,33.166666666666664,8.807027258376367
996,33.2,8.796570379523247
997,33.233333333333334,8.782588508000758
998,33.266666666666666,8.801644668559744
999,33.3,8.813103394483834
1000,33.333333333333336,8.815600151888532
1001,33.36666666666667,8.799816012104076
1002,33.4,8.804754341154027
1003,33.43333333333333,8.826940374381605
1004,33.46666666666667,8.80934659711581
1005,33.5,8.801296057067361
1006,33.53333333333333,8.822336599261142
1007,33.56666666666667,8.852781495065809
1008,33.6,8.874729612666615
1009,33.63333333333333,8.888508519128823
1010,33.666666666666664,8.938822398464646
1011,33.7,8.937213527565982
1012,33.733333333333334,8.973624626979614
1013,33.766666666666666,8.99985348206503
1014,33.8,8.786286848008498
1015,33.833333333333336,9.041047788620519
1016,33.86666666666667,9.074152819045795
1017,33.9,9.120703294418492
1018,33.93333333333333,9.128224231317107
1019,33.96666666666667,9.1489728292151
1020,34.0,9.169026780735456
1021,34.03333333333333,9.246032722921079
1022,34.06666666666667,9.226388824102136
1023,34.1,9.31823270664617
1024,34.13333333333333,9.30540753766274
1025,34.166666666666664,9.337123616633658
1026,34.2,9.35864122835826
1027,34.233333333333334,9.336960910938155
1028,34.266666666666666,9.386624869434689
1029,34.3,9.407266096684113
1030,34.333333333333336,9.431492457639527
1031,34.36666666666667,9.46484631410178
1032,34.4,9.483784901772145
1033,34.43333333333333,9.57455350079592
1034,34.46666666666667,9.574392942928723
1035,34.5,9.6200283487209
1036,34.53333333333333,9.575008267762893
1037,34.56666666666667,9.559492274138446
1038,34.6,9.549774786094524
1039,34.63333333333333,9.567177829014307
1040,34.666666666666664,9.571108915399153
1041,34.7,9.553883118909654
1042,34.733333333333334,9.547488657454034
1043,34.766666666666666,9.529802689363779
1044,34.8,9.474213900471627
1045,34.833333333333336,9.477496363312655
1046,34.86666666666667,9.466072892558563
1047,34.9,9.443007523717037
1048,34.93333333333333,9.396675684219767
1049,34.96666666666667,9.39952415447589
1050,35.0,9.414688800898883
1051,35.03333333333333,9.372876157108879
1052,35.06666666666667,9.351993832615486
1053,35.1,9.362761426333709
1054,35.13333333333333,9.325616923253726
1055,35.166666666666664,9.318158732306944
1056,35.2,9.309568424369132
1057,35.233333333333334,9.318657445752864
1058,35.266666666666666,9.29232493033505
1059,35.3,9.247519607136416
1060,35.333333333333336,9.272563663516138
1061,35.36666666666667,9.246493397103203
1062,35.4,9.234282605851737
1063,35.43333333333333,9.202386609142296
1064,35.46666666666667,9.179008824077245
1065,35.5,9.154698848840894
1066,35.53333333333333,8.20503075007962
1067,35.56666666666667,9.11711140380886
1068,35.6,9.101389811470332
1069,35.63333333333333,9.09712339615655
1070,35.666666666666664,9.064433250886365
1071,35.7,9.024262727361021
1072,35.733333333333334,8.992781485036103
1073,35.766666666666666,8.974748534065712
1074,35.8,8.984183196902269
1075,35.833333333333336,8.972836364107007
1076,35.86666666666667,8.931178507847124
1077,35.9,8.922335741476868
1078,35.93333333333333,8.861712860898763
1079,35.96666666666667,8.911888498090013
1080,36.0,8.904802370214687
1081,36.03333333333333,8.840227489552811
1082,36.06666666666667,8.854775949293593
1083,36.1,8.787972535380066
1084,36.13333333333333,8.752539014147255
1085,36.166666666666664,8.722897884573607
1086,36.2,8.715170100925084
1087,36.233333333333334,8.719248134052009
1088,36.266666666666666,8.719414209494493
1089,36.3,8.692129153355078
1090,36.333333333333336,8.691537722369764
1091,36.36666666666667,8.688618716089634
1092,36.4,8.668742549927238
1093,36.43333333333333,8.688549879041132
1094,36.46666666666667,8.690529551599557
1095,36.5,8.716351400467211
1096,36.53333333333333,8.78844903537347
1097,36.56666666666667,8.844853756775274
1098,36.6,8.844425143552032
1099,36.63333333333333,8.8652697377889
1100,36.666666666666664,8.891736371320906
1101,36.7,8.933547404340462
1102,36.733333333333334,8.97343545519175
1103,36.766666666666666,9.00311727524512
1104,36.8,9.036915595924643
1105,36.833333333333336,9.163737602273764
1106,36.86666666666667,9.213709569592618
1107,36.9,9.194021918775755
1108,36.93333333333333,9.233546489462464
1109,36.96666666666667,9.216236414341706
1110,37.0,9.227954938304977
1111,37.03333333333333,9.275298218011011
1112,37.06666666666667,9.264102088015623
1113,37.1,9.288136330101771
1114,37.13333333333333,9.298676905243678
1115,37.166666666666664,9.328914110581245
1116,37.2,9.348713466177546
1117,37.233333333333334,9.359308097140234
1118,37.266666666666666,9.410196296562297
1119,37.3,9.443446677834098
1120,37.333333333333336,9.467727488504625
1121,37.36666666666667,9.48960218512419
1122,37.4,9.51724972920374
1123,37.43333333333333,9.495319416350224
1124,37.46666666666667,9.485209028898295
1125,37.5,9.515479191970153
1126,37.53333333333333,13.813960987221693
1127,37.56666666666667,13.807239649620652
1128,37.6,11.306106483023125
1129,37.63333333333333,11.28732360507306
1130,37.666666666666664,11.239729134396816
1131,37.7,11.23068517163117
1132,37.733333333333334,11.205173292268173
1133,37.766666666666666,11.195811749356846
1134,37.8,11.194420508985054
1135,37.833333333333336,11.159395564962049
1136,37.86666666666667,11.10948450043058
1137,37.9,11.097473350001506
1138,37.93333333333333,11.056149388815662
1139,37.96666666666667,11.038626265232496
1140,38.0,11.016373221666147
1141,38.03333333333333,11.00555520393181
1142,38.06666666666667,10.990690816682982
1143,38.1,10.994186538801452
1144,38.13333333333333,10.998936499444973
1145,38.166666666666664,10.96095572376848
1146,38.2,10.927516831007983
1147,38.233333333333334,10.94191003713673
1148,38.266666666666666,10.889341288497231
1149,38.3,10.840118535891566
1150,38.333333333333336,10.751646519757811
